Model,Accurary
CNN,0.9606575965881348
Mobilenet,0.9918367266654968